{
  "totalScenes": 5,
  "targetPlatforms": [
    "mobile",
    "desktop",
    "ar"
  ],
  "educationalStandards": [
    "Common Core Literature",
    "Theater Arts Standards"
  ],
  "targetAgeGroups": [
    "14-18",
    "university"
  ],
  "performanceSettings": {
    "test_scenarios": [
      {
        "test_name": "Scene Navigation",
        "description": "Verify smooth transition between scenes",
        "expected_result": "Scene loads within 3 seconds",
        "priority": "High"
      },
      {
        "test_name": "Character Interaction",
        "description": "Test character dialogue system",
        "expected_result": "Dialogue appears correctly and is readable",
        "priority": "High"
      }
    ],
    "performance_benchmarks": {
      "target_fps": "60",
      "memory_usage": "< 2GB",
      "loading_time": "< 5 seconds"
    }
  },
  "accessibilitySettings": {
    "game_type": "Interactive Quiz",
    "description": "A character-driven quiz game where players answer questions about the scene",
    "mechanics": {
      "primary": "Question-Answer",
      "secondary": "Character Interaction",
      "difficulty": "adaptive"
    },
    "ui_elements": [
      "Question display",
      "Multiple choice buttons",
      "Character avatars",
      "Progress indicator"
    ],
    "educational_value": {
      "reading_comprehension": "High",
      "critical_thinking": "Medium",
      "retention": "High"
    }
  }
}