{
  "project_statistics": {
    "total_scenes_processed": 5,
    "total_unity_files_generated": 23,
    "unique_characters": 0,
    "file_types_generated": {
      "cs": 19,
      "json": 2,
      "md": 2
    }
  },
  "features_implemented": [
    "AR Experiences",
    "Minigames",
    "Accessibility Features"
  ],
  "platforms_supported": [
    "mobile",
    "desktop",
    "ar"
  ],
  "educational_compliance": [
    "Common Core Literature",
    "Theater Arts Standards"
  ],
  "quality_assurance": {
    "testing_framework_included": true,
    "performance_monitoring_enabled": true,
    "safety_guidelines_implemented": true
  },
  "estimated_development_time": {
    "script_integration": "10 hours",
    "asset_creation": "20 hours",
    "testing_and_qa": "5 hours",
    "ar_implementation": "8-12 hours",
    "ui_ux_polish": "6-10 hours",
    "platform_optimization": "4-8 hours",
    "total_estimated": "65 hours"
  },
  "recommended_next_steps": [
    "Import generated scripts into Unity project",
    "Configure AR Foundation for AR features",
    "Implement asset generation pipeline",
    "Set up automated testing framework",
    "Configure performance monitoring",
    "Test accessibility features",
    "Conduct educational content validation"
  ]
}