{
  "project_metadata": {
    "total_scenes": 5,
    "target_platforms": [
      "mobile",
      "desktop",
      "ar"
    ],
    "educational_standards": [
      "Common Core Literature",
      "Theater Arts Standards"
    ],
    "target_age_groups": [
      "14-18",
      "university"
    ]
  },
  "overall_design": {
    "progression_system": {
      "progression_type": "Scene-based Linear",
      "unlock_mechanism": "Completion-based",
      "checkpoints": [
        {
          "scene_id": 1,
          "required_score": 80
        },
        {
          "scene_id": 2,
          "required_score": 75
        },
        {
          "scene_id": 3,
          "required_score": 85
        }
      ],
      "rewards": {
        "completion_badges": true,
        "character_unlocks": true,
        "bonus_content": true
      }
    },
    "accessibility_guidelines": {
      "game_type": "Interactive Quiz",
      "description": "A character-driven quiz game where players answer questions about the scene",
      "mechanics": {
        "primary": "Question-Answer",
        "secondary": "Character Interaction",
        "difficulty": "adaptive"
      },
      "ui_elements": [
        "Question display",
        "Multiple choice buttons",
        "Character avatars",
        "Progress indicator"
      ],
      "educational_value": {
        "reading_comprehension": "High",
        "critical_thinking": "Medium",
        "retention": "High"
      }
    }
  },
  "scenes": [
    {
      "original_scene": {
        "scene_number": 1,
        "title": "Le Tre Streghe",
        "content": "Tuoni e fulmini. Atmosfera tempestosa e tetra. Le tre streghe si riuniscono in un clima di tempesta e discutono quando si incontreranno di nuovo, fissando l'incontro con Macbeth su una landa. Le loro parole sono criptiche e ambigue, culminando nella frase 'Il bello è brutto, e il brutto è bello', mentre si dissolvono nella nebbia.",
        "characters": [
          "Prima Strega",
          "Seconda Strega",
          "Terza Strega"
        ],
        "setting": "Un luogo desolato e aperto, probabilmente una landa, battuto da tuoni, fulmini e pioggia",
        "key_events": [
          "Riunione delle streghe",
          "Pianificazione incontro con Macbeth",
          "Profezia criptica"
        ],
        "educational_content": "Letteratura inglese classica, elementi soprannaturali nel teatro",
        "themes": [
          "Soprannaturale",
          "Destino",
          "Ambiguità morale"
        ],
        "mood": "Misterioso, sinistro, inquietante, premonitore"
      },
      "game_design": {
        "game_type": "Interactive Quiz",
        "description": "A character-driven quiz game where players answer questions about the scene",
        "mechanics": {
          "primary": "Question-Answer",
          "secondary": "Character Interaction",
          "difficulty": "adaptive"
        },
        "ui_elements": [
          "Question display",
          "Multiple choice buttons",
          "Character avatars",
          "Progress indicator"
        ],
        "educational_value": {
          "reading_comprehension": "High",
          "critical_thinking": "Medium",
          "retention": "High"
        }
      },
      "ar_experience": {
        "ar_type": "Scene Overlay",
        "ar_elements": [
          {
            "type": "3D Character Models",
            "description": "Interactive character representations",
            "interaction": "Touch to hear dialogue"
          },
          {
            "type": "Environmental Effects",
            "description": "Weather and atmosphere simulation",
            "interaction": "Automatic based on scene mood"
          }
        ],
        "ar_requirements": {
          "minimum_android_version": "7.0",
          "arcore_required": true,
          "lighting_conditions": "Indoor/Outdoor"
        }
      },
      "assets": {
        "3d_specs": {
          "3d_models": [
            {
              "name": "Character_Protagonist",
              "type": "Humanoid",
              "poly_count": "5000-8000",
              "textures": [
                "Diffuse",
                "Normal",
                "Roughness"
              ],
              "animations": [
                "Idle",
                "Walk",
                "Talk",
                "Gesture"
              ]
            }
          ],
          "audio_assets": [
            {
              "name": "Ambient_Medieval",
              "type": "Environmental",
              "format": "WAV",
              "duration": "2-3 minutes (looping)"
            }
          ],
          "ui_elements": [
            {
              "name": "DialoguePanel",
              "type": "UI Canvas",
              "resolution": "1920x1080",
              "style": "Medieval theme"
            }
          ]
        },
        "audio_specs": {
          "test_scenarios": [
            {
              "test_name": "Scene Navigation",
              "description": "Verify smooth transition between scenes",
              "expected_result": "Scene loads within 3 seconds",
              "priority": "High"
            },
            {
              "test_name": "Character Interaction",
              "description": "Test character dialogue system",
              "expected_result": "Dialogue appears correctly and is readable",
              "priority": "High"
            }
          ],
          "performance_benchmarks": {
            "target_fps": "60",
            "memory_usage": "< 2GB",
            "loading_time": "< 5 seconds"
          }
        },
        "ui_specs": {
          "game_type": "Interactive Quiz",
          "description": "A character-driven quiz game where players answer questions about the scene",
          "mechanics": {
            "primary": "Question-Answer",
            "secondary": "Character Interaction",
            "difficulty": "adaptive"
          },
          "ui_elements": [
            "Question display",
            "Multiple choice buttons",
            "Character avatars",
            "Progress indicator"
          ],
          "educational_value": {
            "reading_comprehension": "High",
            "critical_thinking": "Medium",
            "retention": "High"
          }
        }
      },
      "unity_code": {
        "scene_controller": "using UnityEngine;\nusing UnityEngine.SceneManagement;\n\n/// <summary>\n/// Generated scene controller for interactive literary experience\n/// </summary>\npublic class SceneController : MonoBehaviour\n{\n    [Header(\"Scene Configuration\")]\n    public string sceneName = \"MockScene\";\n    public string sceneDescription = \"A mock scene for development testing\";\n    \n    [Header(\"Interactive Elements\")]\n    public GameObject[] characterPrefabs;\n    public AudioSource ambientAudio;\n    \n    void Start()\n    {\n        InitializeScene();\n        SetupInteractiveElements();\n    }\n    \n    void InitializeScene()\n    {\n        Debug.Log($\"Initializing scene: {sceneName}\");\n    }\n    \n    void SetupInteractiveElements()\n    {\n        // Setup interactive elements for the scene\n    }\n    \n    public void OnSceneComplete()\n    {\n        // Handle scene completion\n        SceneManager.LoadScene(SceneManager.GetActiveScene().buildIndex + 1);\n    }\n}",
        "interaction_system": "{\"response\": \"Mock response for development mode\", \"status\": \"success\", \"message\": \"This is a placeholder response generated for development purposes\", \"data\": {\"generated_at\": \"2024-development\", \"mode\": \"mock\"}}",
        "ar_features": "{\"ar_type\": \"Scene Overlay\", \"ar_elements\": [{\"type\": \"3D Character Models\", \"description\": \"Interactive character representations\", \"interaction\": \"Touch to hear dialogue\"}, {\"type\": \"Environmental Effects\", \"description\": \"Weather and atmosphere simulation\", \"interaction\": \"Automatic based on scene mood\"}], \"ar_requirements\": {\"minimum_android_version\": \"7.0\", \"arcore_required\": true, \"lighting_conditions\": \"Indoor/Outdoor\"}}"
      },
      "qa_validation": {
        "response": "Mock response for development mode",
        "status": "success",
        "message": "This is a placeholder response generated for development purposes",
        "data": {
          "generated_at": "2024-development",
          "mode": "mock"
        }
      }
    },
    {
      "original_scene": {
        "scene_number": 2,
        "title": "Duncan e la Vittoria",
        "content": "Il Re Duncan e il suo seguito incontrano un Capitano ferito che riporta le notizie della battaglia contro i ribelli e i Norregiani, lodando il coraggio di Macbeth. Successivamente arrivano Ross e Angus, confermando la vittoria e annunciando a Macbeth il titolo di Thane di Cawdor.",
        "characters": [
          "Re Duncan",
          "Malcolm",
          "Donalbain",
          "Lennox",
          "Capitano",
          "Ross",
          "Angus"
        ],
        "setting": "Un campo di battaglia o un accampamento militare dopo uno scontro",
        "key_events": [
          "Rapporto di battaglia",
          "Promozione di Macbeth",
          "Condanna del traditore"
        ],
        "educational_content": "Sistema feudale scozzese, valore militare, lealtà al sovrano",
        "themes": [
          "Onore",
          "Lealtà",
          "Ricompensa del valore"
        ],
        "mood": "Teso, eroico, informativo ma anche foriero di oscuri presagi"
      },
      "game_design": {
        "game_type": "Interactive Quiz",
        "description": "A character-driven quiz game where players answer questions about the scene",
        "mechanics": {
          "primary": "Question-Answer",
          "secondary": "Character Interaction",
          "difficulty": "adaptive"
        },
        "ui_elements": [
          "Question display",
          "Multiple choice buttons",
          "Character avatars",
          "Progress indicator"
        ],
        "educational_value": {
          "reading_comprehension": "High",
          "critical_thinking": "Medium",
          "retention": "High"
        }
      },
      "ar_experience": {
        "ar_type": "Scene Overlay",
        "ar_elements": [
          {
            "type": "3D Character Models",
            "description": "Interactive character representations",
            "interaction": "Touch to hear dialogue"
          },
          {
            "type": "Environmental Effects",
            "description": "Weather and atmosphere simulation",
            "interaction": "Automatic based on scene mood"
          }
        ],
        "ar_requirements": {
          "minimum_android_version": "7.0",
          "arcore_required": true,
          "lighting_conditions": "Indoor/Outdoor"
        }
      },
      "assets": {
        "3d_specs": {
          "3d_models": [
            {
              "name": "Character_Protagonist",
              "type": "Humanoid",
              "poly_count": "5000-8000",
              "textures": [
                "Diffuse",
                "Normal",
                "Roughness"
              ],
              "animations": [
                "Idle",
                "Walk",
                "Talk",
                "Gesture"
              ]
            }
          ],
          "audio_assets": [
            {
              "name": "Ambient_Medieval",
              "type": "Environmental",
              "format": "WAV",
              "duration": "2-3 minutes (looping)"
            }
          ],
          "ui_elements": [
            {
              "name": "DialoguePanel",
              "type": "UI Canvas",
              "resolution": "1920x1080",
              "style": "Medieval theme"
            }
          ]
        },
        "audio_specs": {
          "test_scenarios": [
            {
              "test_name": "Scene Navigation",
              "description": "Verify smooth transition between scenes",
              "expected_result": "Scene loads within 3 seconds",
              "priority": "High"
            },
            {
              "test_name": "Character Interaction",
              "description": "Test character dialogue system",
              "expected_result": "Dialogue appears correctly and is readable",
              "priority": "High"
            }
          ],
          "performance_benchmarks": {
            "target_fps": "60",
            "memory_usage": "< 2GB",
            "loading_time": "< 5 seconds"
          }
        },
        "ui_specs": {
          "game_type": "Interactive Quiz",
          "description": "A character-driven quiz game where players answer questions about the scene",
          "mechanics": {
            "primary": "Question-Answer",
            "secondary": "Character Interaction",
            "difficulty": "adaptive"
          },
          "ui_elements": [
            "Question display",
            "Multiple choice buttons",
            "Character avatars",
            "Progress indicator"
          ],
          "educational_value": {
            "reading_comprehension": "High",
            "critical_thinking": "Medium",
            "retention": "High"
          }
        }
      },
      "unity_code": {
        "scene_controller": "using UnityEngine;\nusing UnityEngine.SceneManagement;\n\n/// <summary>\n/// Generated scene controller for interactive literary experience\n/// </summary>\npublic class SceneController : MonoBehaviour\n{\n    [Header(\"Scene Configuration\")]\n    public string sceneName = \"MockScene\";\n    public string sceneDescription = \"A mock scene for development testing\";\n    \n    [Header(\"Interactive Elements\")]\n    public GameObject[] characterPrefabs;\n    public AudioSource ambientAudio;\n    \n    void Start()\n    {\n        InitializeScene();\n        SetupInteractiveElements();\n    }\n    \n    void InitializeScene()\n    {\n        Debug.Log($\"Initializing scene: {sceneName}\");\n    }\n    \n    void SetupInteractiveElements()\n    {\n        // Setup interactive elements for the scene\n    }\n    \n    public void OnSceneComplete()\n    {\n        // Handle scene completion\n        SceneManager.LoadScene(SceneManager.GetActiveScene().buildIndex + 1);\n    }\n}",
        "interaction_system": "{\"response\": \"Mock response for development mode\", \"status\": \"success\", \"message\": \"This is a placeholder response generated for development purposes\", \"data\": {\"generated_at\": \"2024-development\", \"mode\": \"mock\"}}",
        "ar_features": "{\"ar_type\": \"Scene Overlay\", \"ar_elements\": [{\"type\": \"3D Character Models\", \"description\": \"Interactive character representations\", \"interaction\": \"Touch to hear dialogue\"}, {\"type\": \"Environmental Effects\", \"description\": \"Weather and atmosphere simulation\", \"interaction\": \"Automatic based on scene mood\"}], \"ar_requirements\": {\"minimum_android_version\": \"7.0\", \"arcore_required\": true, \"lighting_conditions\": \"Indoor/Outdoor\"}}"
      },
      "qa_validation": {
        "response": "Mock response for development mode",
        "status": "success",
        "message": "This is a placeholder response generated for development purposes",
        "data": {
          "generated_at": "2024-development",
          "mode": "mock"
        }
      }
    },
    {
      "original_scene": {
        "scene_number": 3,
        "title": "Le Profezie",
        "content": "Le tre streghe si riuniscono su una landa desolata. Un tamburo annuncia l'arrivo di Macbeth e Banquo. Le streghe accolgono Macbeth con profezie (Thane di Glamis, Thane di Cawdor, Re futuro) e Banquo con enigmi (padre di re ma non re). Scompaiono improvvisamente. Ross e Angus confermano la prima profezia.",
        "characters": [
          "Tre Streghe",
          "Macbeth",
          "Banquo",
          "Ross",
          "Angus"
        ],
        "setting": "Una landa desolata, ventosa, nebbiosa",
        "key_events": [
          "Profezie per Macbeth",
          "Enigmi per Banquo",
          "Conferma del titolo",
          "Primi pensieri omicidi"
        ],
        "educational_content": "Predestinazione vs libero arbitrio, simbolismo nel teatro",
        "themes": [
          "Destino",
          "Ambizione",
          "Tentazione",
          "Profezia che si auto-adempie"
        ],
        "mood": "Inquietante, soprannaturale, premonitore, ambiguo"
      },
      "game_design": {
        "game_type": "Interactive Quiz",
        "description": "A character-driven quiz game where players answer questions about the scene",
        "mechanics": {
          "primary": "Question-Answer",
          "secondary": "Character Interaction",
          "difficulty": "adaptive"
        },
        "ui_elements": [
          "Question display",
          "Multiple choice buttons",
          "Character avatars",
          "Progress indicator"
        ],
        "educational_value": {
          "reading_comprehension": "High",
          "critical_thinking": "Medium",
          "retention": "High"
        }
      },
      "ar_experience": {
        "ar_type": "Scene Overlay",
        "ar_elements": [
          {
            "type": "3D Character Models",
            "description": "Interactive character representations",
            "interaction": "Touch to hear dialogue"
          },
          {
            "type": "Environmental Effects",
            "description": "Weather and atmosphere simulation",
            "interaction": "Automatic based on scene mood"
          }
        ],
        "ar_requirements": {
          "minimum_android_version": "7.0",
          "arcore_required": true,
          "lighting_conditions": "Indoor/Outdoor"
        }
      },
      "assets": {
        "3d_specs": {
          "3d_models": [
            {
              "name": "Character_Protagonist",
              "type": "Humanoid",
              "poly_count": "5000-8000",
              "textures": [
                "Diffuse",
                "Normal",
                "Roughness"
              ],
              "animations": [
                "Idle",
                "Walk",
                "Talk",
                "Gesture"
              ]
            }
          ],
          "audio_assets": [
            {
              "name": "Ambient_Medieval",
              "type": "Environmental",
              "format": "WAV",
              "duration": "2-3 minutes (looping)"
            }
          ],
          "ui_elements": [
            {
              "name": "DialoguePanel",
              "type": "UI Canvas",
              "resolution": "1920x1080",
              "style": "Medieval theme"
            }
          ]
        },
        "audio_specs": {
          "test_scenarios": [
            {
              "test_name": "Scene Navigation",
              "description": "Verify smooth transition between scenes",
              "expected_result": "Scene loads within 3 seconds",
              "priority": "High"
            },
            {
              "test_name": "Character Interaction",
              "description": "Test character dialogue system",
              "expected_result": "Dialogue appears correctly and is readable",
              "priority": "High"
            }
          ],
          "performance_benchmarks": {
            "target_fps": "60",
            "memory_usage": "< 2GB",
            "loading_time": "< 5 seconds"
          }
        },
        "ui_specs": {
          "game_type": "Interactive Quiz",
          "description": "A character-driven quiz game where players answer questions about the scene",
          "mechanics": {
            "primary": "Question-Answer",
            "secondary": "Character Interaction",
            "difficulty": "adaptive"
          },
          "ui_elements": [
            "Question display",
            "Multiple choice buttons",
            "Character avatars",
            "Progress indicator"
          ],
          "educational_value": {
            "reading_comprehension": "High",
            "critical_thinking": "Medium",
            "retention": "High"
          }
        }
      },
      "unity_code": {
        "scene_controller": "using UnityEngine;\nusing UnityEngine.SceneManagement;\n\n/// <summary>\n/// Generated scene controller for interactive literary experience\n/// </summary>\npublic class SceneController : MonoBehaviour\n{\n    [Header(\"Scene Configuration\")]\n    public string sceneName = \"MockScene\";\n    public string sceneDescription = \"A mock scene for development testing\";\n    \n    [Header(\"Interactive Elements\")]\n    public GameObject[] characterPrefabs;\n    public AudioSource ambientAudio;\n    \n    void Start()\n    {\n        InitializeScene();\n        SetupInteractiveElements();\n    }\n    \n    void InitializeScene()\n    {\n        Debug.Log($\"Initializing scene: {sceneName}\");\n    }\n    \n    void SetupInteractiveElements()\n    {\n        // Setup interactive elements for the scene\n    }\n    \n    public void OnSceneComplete()\n    {\n        // Handle scene completion\n        SceneManager.LoadScene(SceneManager.GetActiveScene().buildIndex + 1);\n    }\n}",
        "interaction_system": "{\"response\": \"Mock response for development mode\", \"status\": \"success\", \"message\": \"This is a placeholder response generated for development purposes\", \"data\": {\"generated_at\": \"2024-development\", \"mode\": \"mock\"}}",
        "ar_features": "{\"ar_type\": \"Scene Overlay\", \"ar_elements\": [{\"type\": \"3D Character Models\", \"description\": \"Interactive character representations\", \"interaction\": \"Touch to hear dialogue\"}, {\"type\": \"Environmental Effects\", \"description\": \"Weather and atmosphere simulation\", \"interaction\": \"Automatic based on scene mood\"}], \"ar_requirements\": {\"minimum_android_version\": \"7.0\", \"arcore_required\": true, \"lighting_conditions\": \"Indoor/Outdoor\"}}"
      },
      "qa_validation": {
        "response": "Mock response for development mode",
        "status": "success",
        "message": "This is a placeholder response generated for development purposes",
        "data": {
          "generated_at": "2024-development",
          "mode": "mock"
        }
      }
    },
    {
      "original_scene": {
        "scene_number": 4,
        "title": "L'Arrivo al Castello",
        "content": "Re Duncan si informa sull'esecuzione del Thane di Cawdor e accoglie Macbeth con grande affetto e gratitudine. Annuncia che Malcolm sarà il Principe di Cumberland, designando così il suo erede al trono. Macbeth rivela in un monologo i suoi 'desideri neri e profondi'.",
        "characters": [
          "Re Duncan",
          "Malcolm",
          "Donalbain",
          "Macbeth",
          "Banquo"
        ],
        "setting": "L'esterno del Castello di Inverness",
        "key_events": [
          "Accoglienza di Duncan",
          "Designazione di Malcolm come erede",
          "Primi pensieri traditori di Macbeth"
        ],
        "educational_content": "Successione monarchica, ospitalità medievale, conflitto interiore",
        "themes": [
          "Gratitudine vs Tradimento",
          "Ambizione",
          "Conflitto interiore"
        ],
        "mood": "Solenne, celebrativo, caloroso ma sottilmente carico di tensione"
      },
      "game_design": {
        "game_type": "Interactive Quiz",
        "description": "A character-driven quiz game where players answer questions about the scene",
        "mechanics": {
          "primary": "Question-Answer",
          "secondary": "Character Interaction",
          "difficulty": "adaptive"
        },
        "ui_elements": [
          "Question display",
          "Multiple choice buttons",
          "Character avatars",
          "Progress indicator"
        ],
        "educational_value": {
          "reading_comprehension": "High",
          "critical_thinking": "Medium",
          "retention": "High"
        }
      },
      "ar_experience": {
        "ar_type": "Scene Overlay",
        "ar_elements": [
          {
            "type": "3D Character Models",
            "description": "Interactive character representations",
            "interaction": "Touch to hear dialogue"
          },
          {
            "type": "Environmental Effects",
            "description": "Weather and atmosphere simulation",
            "interaction": "Automatic based on scene mood"
          }
        ],
        "ar_requirements": {
          "minimum_android_version": "7.0",
          "arcore_required": true,
          "lighting_conditions": "Indoor/Outdoor"
        }
      },
      "assets": {
        "3d_specs": {
          "3d_models": [
            {
              "name": "Character_Protagonist",
              "type": "Humanoid",
              "poly_count": "5000-8000",
              "textures": [
                "Diffuse",
                "Normal",
                "Roughness"
              ],
              "animations": [
                "Idle",
                "Walk",
                "Talk",
                "Gesture"
              ]
            }
          ],
          "audio_assets": [
            {
              "name": "Ambient_Medieval",
              "type": "Environmental",
              "format": "WAV",
              "duration": "2-3 minutes (looping)"
            }
          ],
          "ui_elements": [
            {
              "name": "DialoguePanel",
              "type": "UI Canvas",
              "resolution": "1920x1080",
              "style": "Medieval theme"
            }
          ]
        },
        "audio_specs": {
          "test_scenarios": [
            {
              "test_name": "Scene Navigation",
              "description": "Verify smooth transition between scenes",
              "expected_result": "Scene loads within 3 seconds",
              "priority": "High"
            },
            {
              "test_name": "Character Interaction",
              "description": "Test character dialogue system",
              "expected_result": "Dialogue appears correctly and is readable",
              "priority": "High"
            }
          ],
          "performance_benchmarks": {
            "target_fps": "60",
            "memory_usage": "< 2GB",
            "loading_time": "< 5 seconds"
          }
        },
        "ui_specs": {
          "game_type": "Interactive Quiz",
          "description": "A character-driven quiz game where players answer questions about the scene",
          "mechanics": {
            "primary": "Question-Answer",
            "secondary": "Character Interaction",
            "difficulty": "adaptive"
          },
          "ui_elements": [
            "Question display",
            "Multiple choice buttons",
            "Character avatars",
            "Progress indicator"
          ],
          "educational_value": {
            "reading_comprehension": "High",
            "critical_thinking": "Medium",
            "retention": "High"
          }
        }
      },
      "unity_code": {
        "scene_controller": "using UnityEngine;\nusing UnityEngine.SceneManagement;\n\n/// <summary>\n/// Generated scene controller for interactive literary experience\n/// </summary>\npublic class SceneController : MonoBehaviour\n{\n    [Header(\"Scene Configuration\")]\n    public string sceneName = \"MockScene\";\n    public string sceneDescription = \"A mock scene for development testing\";\n    \n    [Header(\"Interactive Elements\")]\n    public GameObject[] characterPrefabs;\n    public AudioSource ambientAudio;\n    \n    void Start()\n    {\n        InitializeScene();\n        SetupInteractiveElements();\n    }\n    \n    void InitializeScene()\n    {\n        Debug.Log($\"Initializing scene: {sceneName}\");\n    }\n    \n    void SetupInteractiveElements()\n    {\n        // Setup interactive elements for the scene\n    }\n    \n    public void OnSceneComplete()\n    {\n        // Handle scene completion\n        SceneManager.LoadScene(SceneManager.GetActiveScene().buildIndex + 1);\n    }\n}",
        "interaction_system": "{\"response\": \"Mock response for development mode\", \"status\": \"success\", \"message\": \"This is a placeholder response generated for development purposes\", \"data\": {\"generated_at\": \"2024-development\", \"mode\": \"mock\"}}",
        "ar_features": "{\"ar_type\": \"Scene Overlay\", \"ar_elements\": [{\"type\": \"3D Character Models\", \"description\": \"Interactive character representations\", \"interaction\": \"Touch to hear dialogue\"}, {\"type\": \"Environmental Effects\", \"description\": \"Weather and atmosphere simulation\", \"interaction\": \"Automatic based on scene mood\"}], \"ar_requirements\": {\"minimum_android_version\": \"7.0\", \"arcore_required\": true, \"lighting_conditions\": \"Indoor/Outdoor\"}}"
      },
      "qa_validation": {
        "response": "Mock response for development mode",
        "status": "success",
        "message": "This is a placeholder response generated for development purposes",
        "data": {
          "generated_at": "2024-development",
          "mode": "mock"
        }
      }
    },
    {
      "original_scene": {
        "scene_number": 5,
        "title": "Lady Macbeth",
        "content": "Lady Macbeth legge una lettera dal marito che racconta le profezie delle streghe. Un messaggero annuncia l'arrivo imminente del Re Duncan. Lady Macbeth invoca gli spiriti per 'disfarla del sesso' e riempirla di crudeltà. Quando Macbeth arriva, lei lo manipola psicologicamente, spingendolo verso l'omicidio.",
        "characters": [
          "Lady Macbeth",
          "Messaggero",
          "Macbeth"
        ],
        "setting": "Una stanza nel Castello di Inverness",
        "key_events": [
          "Lettura della lettera",
          "Invocazione agli spiriti",
          "Manipolazione di Macbeth",
          "Piano omicida"
        ],
        "educational_content": "Ruolo della donna nel teatro elisabettiano, psicologia della manipolazione",
        "themes": [
          "Ambizione femminile",
          "Manipolazione",
          "Trasformazione del carattere"
        ],
        "mood": "Determinato, malvagio, manipolatore, ambizioso, oscuro"
      },
      "game_design": {
        "game_type": "Interactive Quiz",
        "description": "A character-driven quiz game where players answer questions about the scene",
        "mechanics": {
          "primary": "Question-Answer",
          "secondary": "Character Interaction",
          "difficulty": "adaptive"
        },
        "ui_elements": [
          "Question display",
          "Multiple choice buttons",
          "Character avatars",
          "Progress indicator"
        ],
        "educational_value": {
          "reading_comprehension": "High",
          "critical_thinking": "Medium",
          "retention": "High"
        }
      },
      "ar_experience": {
        "ar_type": "Scene Overlay",
        "ar_elements": [
          {
            "type": "3D Character Models",
            "description": "Interactive character representations",
            "interaction": "Touch to hear dialogue"
          },
          {
            "type": "Environmental Effects",
            "description": "Weather and atmosphere simulation",
            "interaction": "Automatic based on scene mood"
          }
        ],
        "ar_requirements": {
          "minimum_android_version": "7.0",
          "arcore_required": true,
          "lighting_conditions": "Indoor/Outdoor"
        }
      },
      "assets": {
        "3d_specs": {
          "3d_models": [
            {
              "name": "Character_Protagonist",
              "type": "Humanoid",
              "poly_count": "5000-8000",
              "textures": [
                "Diffuse",
                "Normal",
                "Roughness"
              ],
              "animations": [
                "Idle",
                "Walk",
                "Talk",
                "Gesture"
              ]
            }
          ],
          "audio_assets": [
            {
              "name": "Ambient_Medieval",
              "type": "Environmental",
              "format": "WAV",
              "duration": "2-3 minutes (looping)"
            }
          ],
          "ui_elements": [
            {
              "name": "DialoguePanel",
              "type": "UI Canvas",
              "resolution": "1920x1080",
              "style": "Medieval theme"
            }
          ]
        },
        "audio_specs": {
          "test_scenarios": [
            {
              "test_name": "Scene Navigation",
              "description": "Verify smooth transition between scenes",
              "expected_result": "Scene loads within 3 seconds",
              "priority": "High"
            },
            {
              "test_name": "Character Interaction",
              "description": "Test character dialogue system",
              "expected_result": "Dialogue appears correctly and is readable",
              "priority": "High"
            }
          ],
          "performance_benchmarks": {
            "target_fps": "60",
            "memory_usage": "< 2GB",
            "loading_time": "< 5 seconds"
          }
        },
        "ui_specs": {
          "game_type": "Interactive Quiz",
          "description": "A character-driven quiz game where players answer questions about the scene",
          "mechanics": {
            "primary": "Question-Answer",
            "secondary": "Character Interaction",
            "difficulty": "adaptive"
          },
          "ui_elements": [
            "Question display",
            "Multiple choice buttons",
            "Character avatars",
            "Progress indicator"
          ],
          "educational_value": {
            "reading_comprehension": "High",
            "critical_thinking": "Medium",
            "retention": "High"
          }
        }
      },
      "unity_code": {
        "scene_controller": "using UnityEngine;\nusing UnityEngine.SceneManagement;\n\n/// <summary>\n/// Generated scene controller for interactive literary experience\n/// </summary>\npublic class SceneController : MonoBehaviour\n{\n    [Header(\"Scene Configuration\")]\n    public string sceneName = \"MockScene\";\n    public string sceneDescription = \"A mock scene for development testing\";\n    \n    [Header(\"Interactive Elements\")]\n    public GameObject[] characterPrefabs;\n    public AudioSource ambientAudio;\n    \n    void Start()\n    {\n        InitializeScene();\n        SetupInteractiveElements();\n    }\n    \n    void InitializeScene()\n    {\n        Debug.Log($\"Initializing scene: {sceneName}\");\n    }\n    \n    void SetupInteractiveElements()\n    {\n        // Setup interactive elements for the scene\n    }\n    \n    public void OnSceneComplete()\n    {\n        // Handle scene completion\n        SceneManager.LoadScene(SceneManager.GetActiveScene().buildIndex + 1);\n    }\n}",
        "interaction_system": "{\"response\": \"Mock response for development mode\", \"status\": \"success\", \"message\": \"This is a placeholder response generated for development purposes\", \"data\": {\"generated_at\": \"2024-development\", \"mode\": \"mock\"}}",
        "ar_features": "{\"ar_type\": \"Scene Overlay\", \"ar_elements\": [{\"type\": \"3D Character Models\", \"description\": \"Interactive character representations\", \"interaction\": \"Touch to hear dialogue\"}, {\"type\": \"Environmental Effects\", \"description\": \"Weather and atmosphere simulation\", \"interaction\": \"Automatic based on scene mood\"}], \"ar_requirements\": {\"minimum_android_version\": \"7.0\", \"arcore_required\": true, \"lighting_conditions\": \"Indoor/Outdoor\"}}"
      },
      "qa_validation": {
        "response": "Mock response for development mode",
        "status": "success",
        "message": "This is a placeholder response generated for development purposes",
        "data": {
          "generated_at": "2024-development",
          "mode": "mock"
        }
      }
    }
  ],
  "system_components": {
    "character_controllers": {},
    "asset_pipeline": {
      "test_scenarios": [
        {
          "test_name": "Scene Navigation",
          "description": "Verify smooth transition between scenes",
          "expected_result": "Scene loads within 3 seconds",
          "priority": "High"
        },
        {
          "test_name": "Character Interaction",
          "description": "Test character dialogue system",
          "expected_result": "Dialogue appears correctly and is readable",
          "priority": "High"
        }
      ],
      "performance_benchmarks": {
        "target_fps": "60",
        "memory_usage": "< 2GB",
        "loading_time": "< 5 seconds"
      }
    },
    "shader_specifications": {
      "response": "Mock response for development mode",
      "status": "success",
      "message": "This is a placeholder response generated for development purposes",
      "data": {
        "generated_at": "2024-development",
        "mode": "mock"
      }
    }
  },
  "quality_assurance": {
    "testing_framework": {
      "ar_type": "Scene Overlay",
      "ar_elements": [
        {
          "type": "3D Character Models",
          "description": "Interactive character representations",
          "interaction": "Touch to hear dialogue"
        },
        {
          "type": "Environmental Effects",
          "description": "Weather and atmosphere simulation",
          "interaction": "Automatic based on scene mood"
        }
      ],
      "ar_requirements": {
        "minimum_android_version": "7.0",
        "arcore_required": true,
        "lighting_conditions": "Indoor/Outdoor"
      }
    },
    "performance_guardrails": {
      "test_scenarios": [
        {
          "test_name": "Scene Navigation",
          "description": "Verify smooth transition between scenes",
          "expected_result": "Scene loads within 3 seconds",
          "priority": "High"
        },
        {
          "test_name": "Character Interaction",
          "description": "Test character dialogue system",
          "expected_result": "Dialogue appears correctly and is readable",
          "priority": "High"
        }
      ],
      "performance_benchmarks": {
        "target_fps": "60",
        "memory_usage": "< 2GB",
        "loading_time": "< 5 seconds"
      }
    },
    "safety_guidelines": {
      "response": "Mock response for development mode",
      "status": "success",
      "message": "This is a placeholder response generated for development purposes",
      "data": {
        "generated_at": "2024-development",
        "mode": "mock"
      }
    },
    "monitoring_system": {
      "response": "Mock response for development mode",
      "status": "success",
      "message": "This is a placeholder response generated for development purposes",
      "data": {
        "generated_at": "2024-development",
        "mode": "mock"
      }
    }
  },
  "unity_project_files": {
    "Assets/Scripts/Core/GameManager.cs": "using UnityEngine;\nusing System.Collections.Generic;\n\nnamespace BookToGame.Core\n{\n    /// <summary>\n    /// Main game manager that orchestrates the entire book-to-game experience\n    /// </summary>\n    public class GameManager : MonoBehaviour\n    {\n        [Header(\"Game Configuration\")]\n        public GameConfig gameConfig;\n        \n        [Header(\"Managers\")]\n        public SceneManager sceneManager;\n        public ProgressionManager progressionManager;\n        \n        private static GameManager _instance;\n        public static GameManager Instance => _instance;\n        \n        void Awake()\n        {\n            if (_instance != null && _instance != this)\n            {\n                Destroy(gameObject);\n                return;\n            }\n            \n            _instance = this;\n            DontDestroyOnLoad(gameObject);\n            \n            InitializeGame();\n        }\n        \n        private void InitializeGame()\n        {\n            // Load game configuration\n            LoadGameConfig();\n            \n            // Initialize managers\n            sceneManager?.Initialize();\n            progressionManager?.Initialize();\n            \n            Debug.Log(\"BookToGame initialized successfully\");\n        }\n        \n        private void LoadGameConfig()\n        {\n            if (gameConfig == null)\n            {\n                gameConfig = Resources.Load<GameConfig>(\"GameConfig\");\n            }\n        }\n        \n        public void StartBookExperience()\n        {\n            sceneManager.LoadFirstScene();\n        }\n    }\n}",
    "Assets/Scripts/Core/SceneManager.cs": "using UnityEngine;\nusing UnityEngine.SceneManagement;\nusing System.Collections;\n\nnamespace BookToGame.Core\n{\n    /// <summary>\n    /// Manages scene transitions and loading for the book experience\n    /// </summary>\n    public class SceneManager : MonoBehaviour\n    {\n        [Header(\"Scene Configuration\")]\n        public int totalScenes = 5;\n        private int currentSceneIndex = 0;\n        \n        public void Initialize()\n        {\n            Debug.Log($\"SceneManager initialized with {totalScenes} scenes\");\n        }\n        \n        public void LoadFirstScene()\n        {\n            LoadScene(0);\n        }\n        \n        public void LoadNextScene()\n        {\n            if (currentSceneIndex < totalScenes - 1)\n            {\n                LoadScene(currentSceneIndex + 1);\n            }\n            else\n            {\n                OnBookComplete();\n            }\n        }\n        \n        public void LoadScene(int sceneIndex)\n        {\n            if (sceneIndex >= 0 && sceneIndex < totalScenes)\n            {\n                currentSceneIndex = sceneIndex;\n                StartCoroutine(LoadSceneAsync(sceneIndex));\n            }\n        }\n        \n        private IEnumerator LoadSceneAsync(int sceneIndex)\n        {\n            // Show loading screen\n            yield return new WaitForSeconds(0.1f);\n            \n            // Load scene\n            AsyncOperation asyncLoad = UnityEngine.SceneManagement.SceneManager.LoadSceneAsync($\"Scene{sceneIndex:000}\");\n            \n            while (!asyncLoad.isDone)\n            {\n                yield return null;\n            }\n            \n            Debug.Log($\"Loaded scene {sceneIndex}\");\n        }\n        \n        private void OnBookComplete()\n        {\n            Debug.Log(\"Book experience completed!\");\n            // Handle book completion\n        }\n    }\n}",
    "Assets/Scripts/Core/ProgressionManager.cs": "using UnityEngine;\nusing System.Collections.Generic;\n\nnamespace BookToGame.Core\n{\n    /// <summary>\n    /// Manages player progression through the book experience\n    /// </summary>\n    public class ProgressionManager : MonoBehaviour\n    {\n        [Header(\"Progression Data\")]\n        public PlayerProgressData progressData;\n        \n        private List<bool> sceneCompletions = new List<bool>();\n        \n        public void Initialize()\n        {\n            LoadProgressData();\n            Debug.Log(\"ProgressionManager initialized\");\n        }\n        \n        public void CompleteScene(int sceneIndex)\n        {\n            if (sceneIndex >= 0 && sceneIndex < sceneCompletions.Count)\n            {\n                sceneCompletions[sceneIndex] = true;\n                SaveProgressData();\n                Debug.Log($\"Scene {sceneIndex} completed\");\n            }\n        }\n        \n        public bool IsSceneCompleted(int sceneIndex)\n        {\n            return sceneIndex >= 0 && sceneIndex < sceneCompletions.Count && sceneCompletions[sceneIndex];\n        }\n        \n        public float GetOverallProgress()\n        {\n            int completedScenes = 0;\n            foreach (bool completed in sceneCompletions)\n            {\n                if (completed) completedScenes++;\n            }\n            return (float)completedScenes / sceneCompletions.Count;\n        }\n        \n        private void LoadProgressData()\n        {\n            // Load from PlayerPrefs or save file\n            string savedData = PlayerPrefs.GetString(\"BookProgress\", \"\");\n            if (!string.IsNullOrEmpty(savedData))\n            {\n                // Parse saved data\n            }\n            else\n            {\n                // Initialize new progress\n                InitializeNewProgress();\n            }\n        }\n        \n        private void InitializeNewProgress()\n        {\n            sceneCompletions.Clear();\n            int totalScenes = GameManager.Instance.gameConfig.totalScenes;\n            for (int i = 0; i < totalScenes; i++)\n            {\n                sceneCompletions.Add(false);\n            }\n        }\n        \n        private void SaveProgressData()\n        {\n            // Save to PlayerPrefs or save file\n            string dataToSave = JsonUtility.ToJson(sceneCompletions);\n            PlayerPrefs.SetString(\"BookProgress\", dataToSave);\n            PlayerPrefs.Save();\n        }\n    }\n}",
    "Assets/Scripts/Scenes/Scene000Controller.cs": "using UnityEngine;\nusing UnityEngine.SceneManagement;\n\n/// <summary>\n/// Generated scene controller for interactive literary experience\n/// </summary>\npublic class SceneController : MonoBehaviour\n{\n    [Header(\"Scene Configuration\")]\n    public string sceneName = \"MockScene\";\n    public string sceneDescription = \"A mock scene for development testing\";\n    \n    [Header(\"Interactive Elements\")]\n    public GameObject[] characterPrefabs;\n    public AudioSource ambientAudio;\n    \n    void Start()\n    {\n        InitializeScene();\n        SetupInteractiveElements();\n    }\n    \n    void InitializeScene()\n    {\n        Debug.Log($\"Initializing scene: {sceneName}\");\n    }\n    \n    void SetupInteractiveElements()\n    {\n        // Setup interactive elements for the scene\n    }\n    \n    public void OnSceneComplete()\n    {\n        // Handle scene completion\n        SceneManager.LoadScene(SceneManager.GetActiveScene().buildIndex + 1);\n    }\n}",
    "Assets/Scripts/Scenes/Scene000Interactions.cs": "{\"response\": \"Mock response for development mode\", \"status\": \"success\", \"message\": \"This is a placeholder response generated for development purposes\", \"data\": {\"generated_at\": \"2024-development\", \"mode\": \"mock\"}}",
    "Assets/Scripts/AR/Scene000AR.cs": "{\"ar_type\": \"Scene Overlay\", \"ar_elements\": [{\"type\": \"3D Character Models\", \"description\": \"Interactive character representations\", \"interaction\": \"Touch to hear dialogue\"}, {\"type\": \"Environmental Effects\", \"description\": \"Weather and atmosphere simulation\", \"interaction\": \"Automatic based on scene mood\"}], \"ar_requirements\": {\"minimum_android_version\": \"7.0\", \"arcore_required\": true, \"lighting_conditions\": \"Indoor/Outdoor\"}}",
    "Assets/Scripts/Scenes/Scene001Controller.cs": "using UnityEngine;\nusing UnityEngine.SceneManagement;\n\n/// <summary>\n/// Generated scene controller for interactive literary experience\n/// </summary>\npublic class SceneController : MonoBehaviour\n{\n    [Header(\"Scene Configuration\")]\n    public string sceneName = \"MockScene\";\n    public string sceneDescription = \"A mock scene for development testing\";\n    \n    [Header(\"Interactive Elements\")]\n    public GameObject[] characterPrefabs;\n    public AudioSource ambientAudio;\n    \n    void Start()\n    {\n        InitializeScene();\n        SetupInteractiveElements();\n    }\n    \n    void InitializeScene()\n    {\n        Debug.Log($\"Initializing scene: {sceneName}\");\n    }\n    \n    void SetupInteractiveElements()\n    {\n        // Setup interactive elements for the scene\n    }\n    \n    public void OnSceneComplete()\n    {\n        // Handle scene completion\n        SceneManager.LoadScene(SceneManager.GetActiveScene().buildIndex + 1);\n    }\n}",
    "Assets/Scripts/Scenes/Scene001Interactions.cs": "{\"response\": \"Mock response for development mode\", \"status\": \"success\", \"message\": \"This is a placeholder response generated for development purposes\", \"data\": {\"generated_at\": \"2024-development\", \"mode\": \"mock\"}}",
    "Assets/Scripts/AR/Scene001AR.cs": "{\"ar_type\": \"Scene Overlay\", \"ar_elements\": [{\"type\": \"3D Character Models\", \"description\": \"Interactive character representations\", \"interaction\": \"Touch to hear dialogue\"}, {\"type\": \"Environmental Effects\", \"description\": \"Weather and atmosphere simulation\", \"interaction\": \"Automatic based on scene mood\"}], \"ar_requirements\": {\"minimum_android_version\": \"7.0\", \"arcore_required\": true, \"lighting_conditions\": \"Indoor/Outdoor\"}}",
    "Assets/Scripts/Scenes/Scene002Controller.cs": "using UnityEngine;\nusing UnityEngine.SceneManagement;\n\n/// <summary>\n/// Generated scene controller for interactive literary experience\n/// </summary>\npublic class SceneController : MonoBehaviour\n{\n    [Header(\"Scene Configuration\")]\n    public string sceneName = \"MockScene\";\n    public string sceneDescription = \"A mock scene for development testing\";\n    \n    [Header(\"Interactive Elements\")]\n    public GameObject[] characterPrefabs;\n    public AudioSource ambientAudio;\n    \n    void Start()\n    {\n        InitializeScene();\n        SetupInteractiveElements();\n    }\n    \n    void InitializeScene()\n    {\n        Debug.Log($\"Initializing scene: {sceneName}\");\n    }\n    \n    void SetupInteractiveElements()\n    {\n        // Setup interactive elements for the scene\n    }\n    \n    public void OnSceneComplete()\n    {\n        // Handle scene completion\n        SceneManager.LoadScene(SceneManager.GetActiveScene().buildIndex + 1);\n    }\n}",
    "Assets/Scripts/Scenes/Scene002Interactions.cs": "{\"response\": \"Mock response for development mode\", \"status\": \"success\", \"message\": \"This is a placeholder response generated for development purposes\", \"data\": {\"generated_at\": \"2024-development\", \"mode\": \"mock\"}}",
    "Assets/Scripts/AR/Scene002AR.cs": "{\"ar_type\": \"Scene Overlay\", \"ar_elements\": [{\"type\": \"3D Character Models\", \"description\": \"Interactive character representations\", \"interaction\": \"Touch to hear dialogue\"}, {\"type\": \"Environmental Effects\", \"description\": \"Weather and atmosphere simulation\", \"interaction\": \"Automatic based on scene mood\"}], \"ar_requirements\": {\"minimum_android_version\": \"7.0\", \"arcore_required\": true, \"lighting_conditions\": \"Indoor/Outdoor\"}}",
    "Assets/Scripts/Scenes/Scene003Controller.cs": "using UnityEngine;\nusing UnityEngine.SceneManagement;\n\n/// <summary>\n/// Generated scene controller for interactive literary experience\n/// </summary>\npublic class SceneController : MonoBehaviour\n{\n    [Header(\"Scene Configuration\")]\n    public string sceneName = \"MockScene\";\n    public string sceneDescription = \"A mock scene for development testing\";\n    \n    [Header(\"Interactive Elements\")]\n    public GameObject[] characterPrefabs;\n    public AudioSource ambientAudio;\n    \n    void Start()\n    {\n        InitializeScene();\n        SetupInteractiveElements();\n    }\n    \n    void InitializeScene()\n    {\n        Debug.Log($\"Initializing scene: {sceneName}\");\n    }\n    \n    void SetupInteractiveElements()\n    {\n        // Setup interactive elements for the scene\n    }\n    \n    public void OnSceneComplete()\n    {\n        // Handle scene completion\n        SceneManager.LoadScene(SceneManager.GetActiveScene().buildIndex + 1);\n    }\n}",
    "Assets/Scripts/Scenes/Scene003Interactions.cs": "{\"response\": \"Mock response for development mode\", \"status\": \"success\", \"message\": \"This is a placeholder response generated for development purposes\", \"data\": {\"generated_at\": \"2024-development\", \"mode\": \"mock\"}}",
    "Assets/Scripts/AR/Scene003AR.cs": "{\"ar_type\": \"Scene Overlay\", \"ar_elements\": [{\"type\": \"3D Character Models\", \"description\": \"Interactive character representations\", \"interaction\": \"Touch to hear dialogue\"}, {\"type\": \"Environmental Effects\", \"description\": \"Weather and atmosphere simulation\", \"interaction\": \"Automatic based on scene mood\"}], \"ar_requirements\": {\"minimum_android_version\": \"7.0\", \"arcore_required\": true, \"lighting_conditions\": \"Indoor/Outdoor\"}}",
    "Assets/Scripts/Scenes/Scene004Controller.cs": "using UnityEngine;\nusing UnityEngine.SceneManagement;\n\n/// <summary>\n/// Generated scene controller for interactive literary experience\n/// </summary>\npublic class SceneController : MonoBehaviour\n{\n    [Header(\"Scene Configuration\")]\n    public string sceneName = \"MockScene\";\n    public string sceneDescription = \"A mock scene for development testing\";\n    \n    [Header(\"Interactive Elements\")]\n    public GameObject[] characterPrefabs;\n    public AudioSource ambientAudio;\n    \n    void Start()\n    {\n        InitializeScene();\n        SetupInteractiveElements();\n    }\n    \n    void InitializeScene()\n    {\n        Debug.Log($\"Initializing scene: {sceneName}\");\n    }\n    \n    void SetupInteractiveElements()\n    {\n        // Setup interactive elements for the scene\n    }\n    \n    public void OnSceneComplete()\n    {\n        // Handle scene completion\n        SceneManager.LoadScene(SceneManager.GetActiveScene().buildIndex + 1);\n    }\n}",
    "Assets/Scripts/Scenes/Scene004Interactions.cs": "{\"response\": \"Mock response for development mode\", \"status\": \"success\", \"message\": \"This is a placeholder response generated for development purposes\", \"data\": {\"generated_at\": \"2024-development\", \"mode\": \"mock\"}}",
    "Assets/Scripts/AR/Scene004AR.cs": "{\"ar_type\": \"Scene Overlay\", \"ar_elements\": [{\"type\": \"3D Character Models\", \"description\": \"Interactive character representations\", \"interaction\": \"Touch to hear dialogue\"}, {\"type\": \"Environmental Effects\", \"description\": \"Weather and atmosphere simulation\", \"interaction\": \"Automatic based on scene mood\"}], \"ar_requirements\": {\"minimum_android_version\": \"7.0\", \"arcore_required\": true, \"lighting_conditions\": \"Indoor/Outdoor\"}}",
    "Assets/Resources/GameConfig.json": "{\n  \"totalScenes\": 5,\n  \"targetPlatforms\": [\n    \"mobile\",\n    \"desktop\",\n    \"ar\"\n  ],\n  \"educationalStandards\": [\n    \"Common Core Literature\",\n    \"Theater Arts Standards\"\n  ],\n  \"targetAgeGroups\": [\n    \"14-18\",\n    \"university\"\n  ],\n  \"performanceSettings\": {\n    \"test_scenarios\": [\n      {\n        \"test_name\": \"Scene Navigation\",\n        \"description\": \"Verify smooth transition between scenes\",\n        \"expected_result\": \"Scene loads within 3 seconds\",\n        \"priority\": \"High\"\n      },\n      {\n        \"test_name\": \"Character Interaction\",\n        \"description\": \"Test character dialogue system\",\n        \"expected_result\": \"Dialogue appears correctly and is readable\",\n        \"priority\": \"High\"\n      }\n    ],\n    \"performance_benchmarks\": {\n      \"target_fps\": \"60\",\n      \"memory_usage\": \"< 2GB\",\n      \"loading_time\": \"< 5 seconds\"\n    }\n  },\n  \"accessibilitySettings\": {\n    \"game_type\": \"Interactive Quiz\",\n    \"description\": \"A character-driven quiz game where players answer questions about the scene\",\n    \"mechanics\": {\n      \"primary\": \"Question-Answer\",\n      \"secondary\": \"Character Interaction\",\n      \"difficulty\": \"adaptive\"\n    },\n    \"ui_elements\": [\n      \"Question display\",\n      \"Multiple choice buttons\",\n      \"Character avatars\",\n      \"Progress indicator\"\n    ],\n    \"educational_value\": {\n      \"reading_comprehension\": \"High\",\n      \"critical_thinking\": \"Medium\",\n      \"retention\": \"High\"\n    }\n  }\n}",
    "Assets/Resources/ScenesData.json": "[\n  {\n    \"sceneIndex\": 0,\n    \"sceneName\": \"Scene000\",\n    \"originalScene\": {\n      \"scene_number\": 1,\n      \"title\": \"Le Tre Streghe\",\n      \"content\": \"Tuoni e fulmini. Atmosfera tempestosa e tetra. Le tre streghe si riuniscono in un clima di tempesta e discutono quando si incontreranno di nuovo, fissando l'incontro con Macbeth su una landa. Le loro parole sono criptiche e ambigue, culminando nella frase 'Il bello è brutto, e il brutto è bello', mentre si dissolvono nella nebbia.\",\n      \"characters\": [\n        \"Prima Strega\",\n        \"Seconda Strega\",\n        \"Terza Strega\"\n      ],\n      \"setting\": \"Un luogo desolato e aperto, probabilmente una landa, battuto da tuoni, fulmini e pioggia\",\n      \"key_events\": [\n        \"Riunione delle streghe\",\n        \"Pianificazione incontro con Macbeth\",\n        \"Profezia criptica\"\n      ],\n      \"educational_content\": \"Letteratura inglese classica, elementi soprannaturali nel teatro\",\n      \"themes\": [\n        \"Soprannaturale\",\n        \"Destino\",\n        \"Ambiguità morale\"\n      ],\n      \"mood\": \"Misterioso, sinistro, inquietante, premonitore\"\n    },\n    \"gameDesign\": {\n      \"game_type\": \"Interactive Quiz\",\n      \"description\": \"A character-driven quiz game where players answer questions about the scene\",\n      \"mechanics\": {\n        \"primary\": \"Question-Answer\",\n        \"secondary\": \"Character Interaction\",\n        \"difficulty\": \"adaptive\"\n      },\n      \"ui_elements\": [\n        \"Question display\",\n        \"Multiple choice buttons\",\n        \"Character avatars\",\n        \"Progress indicator\"\n      ],\n      \"educational_value\": {\n        \"reading_comprehension\": \"High\",\n        \"critical_thinking\": \"Medium\",\n        \"retention\": \"High\"\n      }\n    },\n    \"arExperience\": {\n      \"ar_type\": \"Scene Overlay\",\n      \"ar_elements\": [\n        {\n          \"type\": \"3D Character Models\",\n          \"description\": \"Interactive character representations\",\n          \"interaction\": \"Touch to hear dialogue\"\n        },\n        {\n          \"type\": \"Environmental Effects\",\n          \"description\": \"Weather and atmosphere simulation\",\n          \"interaction\": \"Automatic based on scene mood\"\n        }\n      ],\n      \"ar_requirements\": {\n        \"minimum_android_version\": \"7.0\",\n        \"arcore_required\": true,\n        \"lighting_conditions\": \"Indoor/Outdoor\"\n      }\n    }\n  },\n  {\n    \"sceneIndex\": 1,\n    \"sceneName\": \"Scene001\",\n    \"originalScene\": {\n      \"scene_number\": 2,\n      \"title\": \"Duncan e la Vittoria\",\n      \"content\": \"Il Re Duncan e il suo seguito incontrano un Capitano ferito che riporta le notizie della battaglia contro i ribelli e i Norregiani, lodando il coraggio di Macbeth. Successivamente arrivano Ross e Angus, confermando la vittoria e annunciando a Macbeth il titolo di Thane di Cawdor.\",\n      \"characters\": [\n        \"Re Duncan\",\n        \"Malcolm\",\n        \"Donalbain\",\n        \"Lennox\",\n        \"Capitano\",\n        \"Ross\",\n        \"Angus\"\n      ],\n      \"setting\": \"Un campo di battaglia o un accampamento militare dopo uno scontro\",\n      \"key_events\": [\n        \"Rapporto di battaglia\",\n        \"Promozione di Macbeth\",\n        \"Condanna del traditore\"\n      ],\n      \"educational_content\": \"Sistema feudale scozzese, valore militare, lealtà al sovrano\",\n      \"themes\": [\n        \"Onore\",\n        \"Lealtà\",\n        \"Ricompensa del valore\"\n      ],\n      \"mood\": \"Teso, eroico, informativo ma anche foriero di oscuri presagi\"\n    },\n    \"gameDesign\": {\n      \"game_type\": \"Interactive Quiz\",\n      \"description\": \"A character-driven quiz game where players answer questions about the scene\",\n      \"mechanics\": {\n        \"primary\": \"Question-Answer\",\n        \"secondary\": \"Character Interaction\",\n        \"difficulty\": \"adaptive\"\n      },\n      \"ui_elements\": [\n        \"Question display\",\n        \"Multiple choice buttons\",\n        \"Character avatars\",\n        \"Progress indicator\"\n      ],\n      \"educational_value\": {\n        \"reading_comprehension\": \"High\",\n        \"critical_thinking\": \"Medium\",\n        \"retention\": \"High\"\n      }\n    },\n    \"arExperience\": {\n      \"ar_type\": \"Scene Overlay\",\n      \"ar_elements\": [\n        {\n          \"type\": \"3D Character Models\",\n          \"description\": \"Interactive character representations\",\n          \"interaction\": \"Touch to hear dialogue\"\n        },\n        {\n          \"type\": \"Environmental Effects\",\n          \"description\": \"Weather and atmosphere simulation\",\n          \"interaction\": \"Automatic based on scene mood\"\n        }\n      ],\n      \"ar_requirements\": {\n        \"minimum_android_version\": \"7.0\",\n        \"arcore_required\": true,\n        \"lighting_conditions\": \"Indoor/Outdoor\"\n      }\n    }\n  },\n  {\n    \"sceneIndex\": 2,\n    \"sceneName\": \"Scene002\",\n    \"originalScene\": {\n      \"scene_number\": 3,\n      \"title\": \"Le Profezie\",\n      \"content\": \"Le tre streghe si riuniscono su una landa desolata. Un tamburo annuncia l'arrivo di Macbeth e Banquo. Le streghe accolgono Macbeth con profezie (Thane di Glamis, Thane di Cawdor, Re futuro) e Banquo con enigmi (padre di re ma non re). Scompaiono improvvisamente. Ross e Angus confermano la prima profezia.\",\n      \"characters\": [\n        \"Tre Streghe\",\n        \"Macbeth\",\n        \"Banquo\",\n        \"Ross\",\n        \"Angus\"\n      ],\n      \"setting\": \"Una landa desolata, ventosa, nebbiosa\",\n      \"key_events\": [\n        \"Profezie per Macbeth\",\n        \"Enigmi per Banquo\",\n        \"Conferma del titolo\",\n        \"Primi pensieri omicidi\"\n      ],\n      \"educational_content\": \"Predestinazione vs libero arbitrio, simbolismo nel teatro\",\n      \"themes\": [\n        \"Destino\",\n        \"Ambizione\",\n        \"Tentazione\",\n        \"Profezia che si auto-adempie\"\n      ],\n      \"mood\": \"Inquietante, soprannaturale, premonitore, ambiguo\"\n    },\n    \"gameDesign\": {\n      \"game_type\": \"Interactive Quiz\",\n      \"description\": \"A character-driven quiz game where players answer questions about the scene\",\n      \"mechanics\": {\n        \"primary\": \"Question-Answer\",\n        \"secondary\": \"Character Interaction\",\n        \"difficulty\": \"adaptive\"\n      },\n      \"ui_elements\": [\n        \"Question display\",\n        \"Multiple choice buttons\",\n        \"Character avatars\",\n        \"Progress indicator\"\n      ],\n      \"educational_value\": {\n        \"reading_comprehension\": \"High\",\n        \"critical_thinking\": \"Medium\",\n        \"retention\": \"High\"\n      }\n    },\n    \"arExperience\": {\n      \"ar_type\": \"Scene Overlay\",\n      \"ar_elements\": [\n        {\n          \"type\": \"3D Character Models\",\n          \"description\": \"Interactive character representations\",\n          \"interaction\": \"Touch to hear dialogue\"\n        },\n        {\n          \"type\": \"Environmental Effects\",\n          \"description\": \"Weather and atmosphere simulation\",\n          \"interaction\": \"Automatic based on scene mood\"\n        }\n      ],\n      \"ar_requirements\": {\n        \"minimum_android_version\": \"7.0\",\n        \"arcore_required\": true,\n        \"lighting_conditions\": \"Indoor/Outdoor\"\n      }\n    }\n  },\n  {\n    \"sceneIndex\": 3,\n    \"sceneName\": \"Scene003\",\n    \"originalScene\": {\n      \"scene_number\": 4,\n      \"title\": \"L'Arrivo al Castello\",\n      \"content\": \"Re Duncan si informa sull'esecuzione del Thane di Cawdor e accoglie Macbeth con grande affetto e gratitudine. Annuncia che Malcolm sarà il Principe di Cumberland, designando così il suo erede al trono. Macbeth rivela in un monologo i suoi 'desideri neri e profondi'.\",\n      \"characters\": [\n        \"Re Duncan\",\n        \"Malcolm\",\n        \"Donalbain\",\n        \"Macbeth\",\n        \"Banquo\"\n      ],\n      \"setting\": \"L'esterno del Castello di Inverness\",\n      \"key_events\": [\n        \"Accoglienza di Duncan\",\n        \"Designazione di Malcolm come erede\",\n        \"Primi pensieri traditori di Macbeth\"\n      ],\n      \"educational_content\": \"Successione monarchica, ospitalità medievale, conflitto interiore\",\n      \"themes\": [\n        \"Gratitudine vs Tradimento\",\n        \"Ambizione\",\n        \"Conflitto interiore\"\n      ],\n      \"mood\": \"Solenne, celebrativo, caloroso ma sottilmente carico di tensione\"\n    },\n    \"gameDesign\": {\n      \"game_type\": \"Interactive Quiz\",\n      \"description\": \"A character-driven quiz game where players answer questions about the scene\",\n      \"mechanics\": {\n        \"primary\": \"Question-Answer\",\n        \"secondary\": \"Character Interaction\",\n        \"difficulty\": \"adaptive\"\n      },\n      \"ui_elements\": [\n        \"Question display\",\n        \"Multiple choice buttons\",\n        \"Character avatars\",\n        \"Progress indicator\"\n      ],\n      \"educational_value\": {\n        \"reading_comprehension\": \"High\",\n        \"critical_thinking\": \"Medium\",\n        \"retention\": \"High\"\n      }\n    },\n    \"arExperience\": {\n      \"ar_type\": \"Scene Overlay\",\n      \"ar_elements\": [\n        {\n          \"type\": \"3D Character Models\",\n          \"description\": \"Interactive character representations\",\n          \"interaction\": \"Touch to hear dialogue\"\n        },\n        {\n          \"type\": \"Environmental Effects\",\n          \"description\": \"Weather and atmosphere simulation\",\n          \"interaction\": \"Automatic based on scene mood\"\n        }\n      ],\n      \"ar_requirements\": {\n        \"minimum_android_version\": \"7.0\",\n        \"arcore_required\": true,\n        \"lighting_conditions\": \"Indoor/Outdoor\"\n      }\n    }\n  },\n  {\n    \"sceneIndex\": 4,\n    \"sceneName\": \"Scene004\",\n    \"originalScene\": {\n      \"scene_number\": 5,\n      \"title\": \"Lady Macbeth\",\n      \"content\": \"Lady Macbeth legge una lettera dal marito che racconta le profezie delle streghe. Un messaggero annuncia l'arrivo imminente del Re Duncan. Lady Macbeth invoca gli spiriti per 'disfarla del sesso' e riempirla di crudeltà. Quando Macbeth arriva, lei lo manipola psicologicamente, spingendolo verso l'omicidio.\",\n      \"characters\": [\n        \"Lady Macbeth\",\n        \"Messaggero\",\n        \"Macbeth\"\n      ],\n      \"setting\": \"Una stanza nel Castello di Inverness\",\n      \"key_events\": [\n        \"Lettura della lettera\",\n        \"Invocazione agli spiriti\",\n        \"Manipolazione di Macbeth\",\n        \"Piano omicida\"\n      ],\n      \"educational_content\": \"Ruolo della donna nel teatro elisabettiano, psicologia della manipolazione\",\n      \"themes\": [\n        \"Ambizione femminile\",\n        \"Manipolazione\",\n        \"Trasformazione del carattere\"\n      ],\n      \"mood\": \"Determinato, malvagio, manipolatore, ambizioso, oscuro\"\n    },\n    \"gameDesign\": {\n      \"game_type\": \"Interactive Quiz\",\n      \"description\": \"A character-driven quiz game where players answer questions about the scene\",\n      \"mechanics\": {\n        \"primary\": \"Question-Answer\",\n        \"secondary\": \"Character Interaction\",\n        \"difficulty\": \"adaptive\"\n      },\n      \"ui_elements\": [\n        \"Question display\",\n        \"Multiple choice buttons\",\n        \"Character avatars\",\n        \"Progress indicator\"\n      ],\n      \"educational_value\": {\n        \"reading_comprehension\": \"High\",\n        \"critical_thinking\": \"Medium\",\n        \"retention\": \"High\"\n      }\n    },\n    \"arExperience\": {\n      \"ar_type\": \"Scene Overlay\",\n      \"ar_elements\": [\n        {\n          \"type\": \"3D Character Models\",\n          \"description\": \"Interactive character representations\",\n          \"interaction\": \"Touch to hear dialogue\"\n        },\n        {\n          \"type\": \"Environmental Effects\",\n          \"description\": \"Weather and atmosphere simulation\",\n          \"interaction\": \"Automatic based on scene mood\"\n        }\n      ],\n      \"ar_requirements\": {\n        \"minimum_android_version\": \"7.0\",\n        \"arcore_required\": true,\n        \"lighting_conditions\": \"Indoor/Outdoor\"\n      }\n    }\n  }\n]",
    "Documentation/README.md": "# Book to Game Unity Project\n\nThis Unity project transforms literary content into interactive gaming experiences.\n\n## Project Overview\n\n- **Total Scenes**: 5\n- **Target Platforms**: mobile, desktop, ar\n- **Features**: Minigames, AR experiences, Educational content\n\n## Architecture\n\n### Core Components\n- `GameManager`: Main game orchestrator\n- `SceneManager`: Handles scene transitions\n- `ProgressionManager`: Tracks player progress\n\n### Scene Structure\nEach scene includes:\n- Scene Controller: Manages scene-specific logic\n- Interaction System: Handles user interactions\n- AR Features: Augmented reality functionality\n\n### Character System\nDynamic character controllers generated for each unique character in the book.\n\n## Getting Started\n\n1. Open the project in Unity 2022.3 or later\n2. Ensure AR Foundation is installed for AR features\n3. Build and deploy to your target platform\n\n## Quality Assurance\n\nThis project includes comprehensive QA systems:\n- Performance monitoring\n- Accessibility compliance\n- Content safety validation\n- Educational standards alignment\n\n## Support\n\nFor technical support or questions about the generated content, please refer to the API reference documentation.\n",
    "Documentation/API_Reference.md": "# API Reference\n\n## Core Classes\n\n### GameManager\nMain singleton that orchestrates the entire experience.\n\n**Methods:**\n- `StartBookExperience()`: Begins the book experience\n- `Instance`: Static singleton instance\n\n### SceneManager\nHandles scene loading and transitions.\n\n**Methods:**\n- `LoadFirstScene()`: Loads the first scene\n- `LoadNextScene()`: Transitions to next scene\n- `LoadScene(int sceneIndex)`: Loads specific scene\n\n### ProgressionManager\nTracks and manages player progress.\n\n**Methods:**\n- `CompleteScene(int sceneIndex)`: Marks scene as completed\n- `IsSceneCompleted(int sceneIndex)`: Checks if scene is completed\n- `GetOverallProgress()`: Returns completion percentage\n\n## Events\n\n### Scene Events\n- `OnSceneLoaded`: Fired when a scene loads\n- `OnSceneCompleted`: Fired when a scene is completed\n- `OnBookCompleted`: Fired when entire book is finished\n\n### Interaction Events\n- `OnInteractionStart`: User begins interaction\n- `OnInteractionComplete`: User completes interaction\n\n## Configuration\n\n### GameConfig\nScriptableObject containing game configuration:\n- Total scenes count\n- Platform settings\n- Performance targets\n- Accessibility options\n",
    "Assets/Tests/TestFramework.cs": "using UnityEngine;\nusing UnityEngine.TestTools;\nusing NUnit.Framework;\nusing System.Collections;\n\nnamespace BookToGame.Tests\n{\n    /// <summary>\n    /// Test framework for the book-to-game system\n    /// </summary>\n    public class BookToGameTestFramework\n    {\n        [Test]\n        public void GameManager_InitializesCorrectly()\n        {\n            // Test GameManager initialization\n            var gameManager = GameObject.FindObjectOfType<GameManager>();\n            Assert.IsNotNull(gameManager, \"GameManager should be present in scene\");\n        }\n        \n        [Test]\n        public void SceneManager_LoadsFirstScene()\n        {\n            // Test scene loading functionality\n            var sceneManager = GameObject.FindObjectOfType<SceneManager>();\n            Assert.IsNotNull(sceneManager, \"SceneManager should be present\");\n            \n            sceneManager.LoadFirstScene();\n            // Add assertions for scene loading\n        }\n        \n        [Test]\n        public void ProgressionManager_TracksProgress()\n        {\n            // Test progression tracking\n            var progressionManager = GameObject.FindObjectOfType<ProgressionManager>();\n            Assert.IsNotNull(progressionManager, \"ProgressionManager should be present\");\n            \n            progressionManager.CompleteScene(0);\n            Assert.IsTrue(progressionManager.IsSceneCompleted(0), \"Scene should be marked as completed\");\n        }\n        \n        [UnityTest]\n        public IEnumerator Performance_MaintainsTargetFramerate()\n        {\n            // Performance test\n            float targetFPS = 60f;\n            float testDuration = 5f;\n            float startTime = Time.time;\n            \n            while (Time.time - startTime < testDuration)\n            {\n                float currentFPS = 1f / Time.deltaTime;\n                Assert.GreaterOrEqual(currentFPS, targetFPS * 0.9f, $\"FPS should maintain near {targetFPS}\");\n                yield return null;\n            }\n        }\n        \n        [Test]\n        public void Accessibility_FeaturesAreEnabled()\n        {\n            // Test accessibility features\n            var gameConfig = Resources.Load<GameConfig>(\"GameConfig\");\n            Assert.IsNotNull(gameConfig, \"GameConfig should be available\");\n            \n            // Add specific accessibility tests based on requirements\n        }\n    }\n}"
  },
  "project_summary": {
    "project_statistics": {
      "total_scenes_processed": 5,
      "total_unity_files_generated": 23,
      "unique_characters": 0,
      "file_types_generated": {
        "cs": 19,
        "json": 2,
        "md": 2
      }
    },
    "features_implemented": [
      "AR Experiences",
      "Minigames",
      "Accessibility Features"
    ],
    "platforms_supported": [
      "mobile",
      "desktop",
      "ar"
    ],
    "educational_compliance": [
      "Common Core Literature",
      "Theater Arts Standards"
    ],
    "quality_assurance": {
      "testing_framework_included": true,
      "performance_monitoring_enabled": true,
      "safety_guidelines_implemented": true
    },
    "estimated_development_time": {
      "script_integration": "10 hours",
      "asset_creation": "20 hours",
      "testing_and_qa": "5 hours",
      "ar_implementation": "8-12 hours",
      "ui_ux_polish": "6-10 hours",
      "platform_optimization": "4-8 hours",
      "total_estimated": "65 hours"
    },
    "recommended_next_steps": [
      "Import generated scripts into Unity project",
      "Configure AR Foundation for AR features",
      "Implement asset generation pipeline",
      "Set up automated testing framework",
      "Configure performance monitoring",
      "Test accessibility features",
      "Conduct educational content validation"
    ]
  }
}